<?xml version="1.0" encoding="utf-8"?>
<SonarProjectConfig xmlns:xsi="http://www.w3.org/2001/XMLSchema-instance" xmlns:xsd="http://www.w3.org/2001/XMLSchema" xmlns="http://www.sonarsource.com/msbuild/analyzer/2021/1">
  <AnalysisConfigPath>G:\Hexa Proj\HospitalAppointment B-E Final\.sonarqube\conf\SonarQubeAnalysisConfig.xml</AnalysisConfigPath>
  <ProjectPath>G:\Hexa Proj\HospitalAppointment B-E Final\HospitalAppointment B-E Final\HospitalAppointment B-E Final.csproj</ProjectPath>
  <FilesToAnalyzePath>G:\Hexa Proj\HospitalAppointment B-E Final\.sonarqube\conf\0\FilesToAnalyze.txt</FilesToAnalyzePath>
  <OutPath>G:\Hexa Proj\HospitalAppointment B-E Final\.sonarqube\out\0</OutPath>
  <ProjectType>Product</ProjectType>
  <TargetFramework>net5.0</TargetFramework>
</SonarProjectConfig>